,clstr_a,clstr_b,pelicula_id,cos_smltd,vecino_id
0.0,4.0,4.0,18660,0.14635979884126005,22328
0.0,4.0,4.0,18660,0.11062829427492103,21240
0.0,4.0,4.0,18660,0.1044924127748483,5061
0.0,4.0,4.0,18660,0.10121308621983147,11389
0.0,4.0,4.0,18660,0.09756922022883385,11390
1.0,4.0,4.0,14136,0.3651354789998306,14140
1.0,4.0,4.0,14136,0.14924404325144436,11390
1.0,4.0,4.0,14136,0.14425587993633537,10869
1.0,4.0,4.0,14136,0.13354059853057615,11006
1.0,4.0,4.0,14136,0.10633398560362892,97353
2.0,4.0,4.0,10869,0.14425587993633537,14136
2.0,4.0,4.0,10869,0.1310361585891538,14140
2.0,4.0,4.0,10869,0.11854761086942082,16085
2.0,4.0,4.0,10869,0.11836891002436141,43018
2.0,4.0,4.0,10869,0.11083087377067641,12129
3.0,4.0,4.0,19186,0.16214726032710808,19307
3.0,4.0,4.0,19186,0.11254646745961129,14035
3.0,4.0,4.0,19186,0.10960179707622035,11913
3.0,4.0,4.0,19186,0.0987884359096107,525
3.0,4.0,4.0,19186,0.09049811707351296,21240
4.0,4.0,4.0,15944,0.09849363964247534,15943
4.0,4.0,4.0,15944,0.09048397292878634,50166
4.0,4.0,4.0,15944,0.08456835797545888,50076
4.0,4.0,4.0,15944,0.08188854419879416,24130
4.0,4.0,4.0,15944,0.08171916595953095,11392
5.0,4.0,4.0,11843,0.4413211720443472,936
5.0,4.0,4.0,11843,0.1709589679641252,51912
5.0,4.0,4.0,11843,0.16891398336603072,6081
5.0,4.0,4.0,11843,0.16446595959111995,17965
5.0,4.0,4.0,11843,0.1597794195138566,30143
6.0,4.0,4.0,11455,0.10656806893631318,525
6.0,4.0,4.0,11455,0.09940732878314783,206789
6.0,4.0,4.0,11455,0.0876928542915356,83651
6.0,4.0,4.0,11455,0.08152427771265809,11039
6.0,4.0,4.0,11455,0.07909518164401824,23832
7.0,4.0,4.0,525,0.21009207403302077,19307
7.0,4.0,4.0,525,0.18730367497386172,58701
7.0,4.0,4.0,525,0.16982368478801552,11913
7.0,4.0,4.0,525,0.16572670906654366,144852
7.0,4.0,4.0,525,0.16439022118597404,19174
8.0,4.0,4.0,9277,0.1407269155689564,62715
8.0,4.0,4.0,9277,0.10185800214787293,26573
8.0,4.0,4.0,9277,0.10037012381011011,11389
8.0,4.0,4.0,9277,0.09918627002182501,36236
8.0,4.0,4.0,9277,0.09881813900725159,22328
9.0,4.0,4.0,17984,0.2762306459965961,19762
9.0,4.0,4.0,17984,0.09065278365578289,31804
9.0,4.0,4.0,17984,0.07989795232866094,36767
9.0,4.0,4.0,17984,0.07614953712682963,11160
9.0,4.0,4.0,17984,0.07122632861419206,36765
10.0,4.0,4.0,22328,0.16275161331018712,11390
10.0,4.0,4.0,22328,0.14635979884126005,18660
10.0,4.0,4.0,22328,0.13491270858070756,206789
10.0,4.0,4.0,22328,0.13459849912844224,62715
10.0,4.0,4.0,22328,0.1285298925588432,54297
11.0,4.0,4.0,29228,0.2360717127311217,31654
11.0,4.0,4.0,29228,0.23043258336184458,24236
11.0,4.0,4.0,29228,0.13049493814504445,24570
11.0,4.0,4.0,29228,0.126984383802474,230182
11.0,4.0,4.0,29228,0.11011343301495569,17169
12.0,4.0,4.0,12129,0.11083087377067641,10869
12.0,4.0,4.0,12129,0.0825006644487208,11053
12.0,4.0,4.0,12129,0.0716084532134221,11945
12.0,4.0,4.0,12129,0.06643569945919238,24382
12.0,4.0,4.0,12129,0.05528051017865203,36775
13.0,4.0,4.0,14140,0.3651354789998306,14136
13.0,4.0,4.0,14140,0.1537725227225447,52914
13.0,4.0,4.0,14140,0.1310361585891538,10869
13.0,4.0,4.0,14140,0.11213701599249143,22328
13.0,4.0,4.0,14140,0.1044820172842405,62715
14.0,4.0,4.0,12230,0.1020392650171646,43018
14.0,4.0,4.0,12230,0.10201676836739348,62715
14.0,4.0,4.0,12230,0.0895484955439909,2926
14.0,4.0,4.0,12230,0.0825123045716309,4484
14.0,4.0,4.0,12230,0.0790137872633356,11391
15.0,4.0,4.0,15943,0.13902984823807815,36765
15.0,4.0,4.0,15943,0.10891965472965696,36645
15.0,4.0,4.0,15943,0.1027965864139628,36775
15.0,4.0,4.0,15943,0.09849363964247534,15944
15.0,4.0,4.0,15943,0.09605546285439864,15371
16.0,4.0,4.0,19762,0.2762306459965961,17984
16.0,4.0,4.0,19762,0.1076871612725378,31654
16.0,4.0,4.0,19762,0.08805737393213947,1870
16.0,4.0,4.0,19762,0.08730780925216643,11160
16.0,4.0,4.0,19762,0.08068220230785424,24236
17.0,4.0,4.0,8393,0.12091944109759616,68340
17.0,4.0,4.0,8393,0.10962519246944971,5064
17.0,4.0,4.0,8393,0.10957792299645447,26200
17.0,4.0,4.0,8393,0.10369626509477486,68339
17.0,4.0,4.0,8393,0.1018037273718146,11047
18.0,4.0,4.0,2182,0.11899412818309642,40585
18.0,4.0,4.0,2182,0.1166471913488143,37853
18.0,4.0,4.0,2182,0.11436602845387679,31654
18.0,4.0,4.0,2182,0.10822192772617897,41897
18.0,4.0,4.0,2182,0.10441788271215763,5651
19.0,4.0,4.0,36685,0.09898975213895074,5721
19.0,4.0,4.0,36685,0.07525529259799843,11913
19.0,4.0,4.0,36685,0.06646406031597832,33954
19.0,4.0,4.0,36685,0.06571617998854,4484
19.0,4.0,4.0,36685,0.06507535496901025,62715
20.0,4.0,4.0,813,0.1776248296046636,54297
20.0,4.0,4.0,813,0.1299321859721247,21251
20.0,4.0,4.0,813,0.10860279798542938,18250
20.0,4.0,4.0,813,0.09911486579214497,36775
20.0,4.0,4.0,813,0.0920374069054409,26190
21.0,4.0,4.0,11230,0.21608820105866794,19274
21.0,4.0,4.0,11230,0.08412202684926322,30143
21.0,4.0,4.0,11230,0.08266546578991653,11874
21.0,4.0,4.0,11230,0.06521949147493698,36645
21.0,4.0,4.0,11230,0.06418020934227309,5651
22.0,4.0,4.0,37853,0.14068927051512958,113332
22.0,4.0,4.0,37853,0.12000907419977297,24569
22.0,4.0,4.0,37853,0.1166471913488143,2182
22.0,4.0,4.0,37853,0.11449148497001038,9474
22.0,4.0,4.0,37853,0.1135015495283062,75015
23.0,4.0,4.0,14035,0.12412874612990378,50076
23.0,4.0,4.0,14035,0.11254646745961129,19186
23.0,4.0,4.0,14035,0.11233208752368908,33303
23.0,4.0,4.0,14035,0.08628248656729477,36885
23.0,4.0,4.0,14035,0.08476151536524976,33301
24.0,4.0,4.0,838,0.2399353220127745,54396
24.0,4.0,4.0,838,0.19281940471374118,60175
24.0,4.0,4.0,838,0.18224848363730556,33258
24.0,4.0,4.0,838,0.15185037733522772,31654
24.0,4.0,4.0,838,0.11403366436394376,14387
25.0,4.0,4.0,11176,0.07657101936065308,36645
25.0,4.0,4.0,11176,0.06962201027971629,32109
25.0,4.0,4.0,11176,0.0658211026561193,26181
25.0,4.0,4.0,11176,0.06384375481011088,22328
25.0,4.0,4.0,11176,0.05775530706242601,16085
26.0,4.0,4.0,11356,0.12172021945144092,30143
26.0,4.0,4.0,11356,0.11377440034518503,71133
26.0,4.0,4.0,11356,0.11053866947376687,68340
26.0,4.0,4.0,11356,0.10542373474707364,43430
26.0,4.0,4.0,11356,0.098279854122478,36766
27.0,4.0,4.0,26879,0.1087892367323381,68337
27.0,4.0,4.0,26879,0.10303533260734674,68340
27.0,4.0,4.0,26879,0.10250058102028536,18250
27.0,4.0,4.0,26879,0.09355645275846679,17965
27.0,4.0,4.0,26879,0.09027452004147442,68339
28.0,4.0,4.0,11977,0.1352872956041133,68340
28.0,4.0,4.0,11977,0.09644895742857695,11573
28.0,4.0,4.0,11977,0.09189274783625563,97353
28.0,4.0,4.0,11977,0.089557251859656,66177
28.0,4.0,4.0,11977,0.08423585723547798,36767
29.0,4.0,4.0,26484,0.2089100120736837,26483
29.0,4.0,4.0,26484,0.15981380940188525,3687
29.0,4.0,4.0,26484,0.1381873151471867,36885
29.0,4.0,4.0,26484,0.10069103014405151,19307
29.0,4.0,4.0,26484,0.09568930773398829,36886
30.0,4.0,4.0,39113,0.16833116594506625,9385
30.0,4.0,4.0,39113,0.1558808467518534,27376
30.0,4.0,4.0,39113,0.12921632555149593,11684
30.0,4.0,4.0,39113,0.11840906890478688,11053
30.0,4.0,4.0,39113,0.11754018359771308,11590
31.0,4.0,4.0,53617,0.16101413763476857,2459
31.0,4.0,4.0,53617,0.13471037642678332,259
31.0,4.0,4.0,53617,0.10465562227405571,14387
31.0,4.0,4.0,53617,0.09129462980416654,4729
31.0,4.0,4.0,53617,0.0884589428782524,68337
32.0,4.0,4.0,17965,0.16446595959111995,11843
32.0,4.0,4.0,17965,0.13191220922486155,18250
32.0,4.0,4.0,17965,0.12426078916981584,11913
32.0,4.0,4.0,17965,0.12341128939224796,11590
32.0,4.0,4.0,17965,0.11180462262284992,30143
33.0,4.0,4.0,26483,0.2089100120736837,26484
33.0,4.0,4.0,26483,0.1412000877324581,11389
33.0,4.0,4.0,26483,0.11259528680220696,11392
33.0,4.0,4.0,26483,0.09649366115806948,27376
33.0,4.0,4.0,26483,0.08954700709751856,15417
34.0,4.0,4.0,24382,0.11531050650143007,51912
34.0,4.0,4.0,24382,0.11302170767719606,11392
34.0,4.0,4.0,24382,0.10531163196037417,206789
34.0,4.0,4.0,24382,0.10093277812462823,36765
34.0,4.0,4.0,24382,0.09963003413189545,52914
35.0,4.0,4.0,26573,0.16907059976455652,77076
35.0,4.0,4.0,26573,0.10717768634135215,5060
35.0,4.0,4.0,26573,0.1069196334123399,36775
35.0,4.0,4.0,26573,0.10464741873655116,2926
35.0,4.0,4.0,26573,0.10296179966941099,39113
36.0,4.0,4.0,4484,0.24259649173342024,11913
36.0,4.0,4.0,4484,0.1777733119466935,123867
36.0,4.0,4.0,4484,0.14921021744121293,43018
36.0,4.0,4.0,4484,0.12577481386148165,525
36.0,4.0,4.0,4484,0.12411575919753026,31804
37.0,4.0,4.0,11684,0.1461427067593353,36236
37.0,4.0,4.0,11684,0.14386534758421535,113582
37.0,4.0,4.0,11684,0.13873337518006423,2459
37.0,4.0,4.0,11684,0.13378694286196097,17169
37.0,4.0,4.0,11684,0.12921632555149593,39113
38.0,4.0,4.0,17169,0.17644745136830692,15417
38.0,4.0,4.0,17169,0.13852085932486194,15371
38.0,4.0,4.0,17169,0.13378694286196097,11684
38.0,4.0,4.0,17169,0.13321549558198786,11390
38.0,4.0,4.0,17169,0.1319180426112781,9474
39.0,4.0,4.0,166,0.14910348773823476,5061
39.0,4.0,4.0,166,0.14891810764711383,71995
39.0,4.0,4.0,166,0.14730277635822117,16085
39.0,4.0,4.0,166,0.14071535800831378,14387
39.0,4.0,4.0,166,0.11788146276696976,43018
40.0,4.0,4.0,13612,0.10184881740848511,144852
40.0,4.0,4.0,13612,0.09976806802305017,68340
40.0,4.0,4.0,13612,0.09592197753211008,525
40.0,4.0,4.0,13612,0.09544902006418653,19252
40.0,4.0,4.0,13612,0.09363709654909545,11913
41.0,4.0,4.0,16085,0.2322760704751294,43018
41.0,4.0,4.0,16085,0.20515993223473247,75848
41.0,4.0,4.0,16085,0.1880845250903091,5721
41.0,4.0,4.0,16085,0.1762313264928566,39282
41.0,4.0,4.0,16085,0.17176362372417248,33583
42.0,4.0,4.0,12593,0.11868726724833045,31654
42.0,4.0,4.0,12593,0.08514688510047672,29228
42.0,4.0,4.0,12593,0.07291379183283722,33258
42.0,4.0,4.0,12593,0.0655459442135199,17984
42.0,4.0,4.0,12593,0.06437652044761563,24236
43.0,4.0,4.0,39282,0.1762313264928566,16085
43.0,4.0,4.0,39282,0.15504628611387472,75848
43.0,4.0,4.0,39282,0.13935850019226684,43096
43.0,4.0,4.0,39282,0.1350596049298554,5721
43.0,4.0,4.0,39282,0.1342916781099869,43018
44.0,4.0,4.0,23479,0.14411231659949694,11590
44.0,4.0,4.0,23479,0.14166231029781373,19050
44.0,4.0,4.0,23479,0.119484669336082,66946
44.0,4.0,4.0,23479,0.08577079220635946,11945
44.0,4.0,4.0,23479,0.08220507754688507,24382
45.0,4.0,4.0,66946,0.20106473987962925,19050
45.0,4.0,4.0,66946,0.1709318298586638,11590
45.0,4.0,4.0,66946,0.13052667070960774,56589
45.0,4.0,4.0,66946,0.1288287672588883,31654
45.0,4.0,4.0,66946,0.12454003205505755,5056
46.0,4.0,4.0,19050,0.2375710816284755,11590
46.0,4.0,4.0,19050,0.20106473987962925,66946
46.0,4.0,4.0,19050,0.14856945176788428,54396
46.0,4.0,4.0,19050,0.14166231029781373,23479
46.0,4.0,4.0,19050,0.13662210518583373,32105
47.0,4.0,4.0,26200,0.12397383070134678,21779
47.0,4.0,4.0,26200,0.10957792299645447,8393
47.0,4.0,4.0,26200,0.0982598708757671,14387
47.0,4.0,4.0,26200,0.0975073704794808,26573
47.0,4.0,4.0,26200,0.09278413497426957,36645
48.0,4.0,4.0,38147,0.1629106821339756,24032
48.0,4.0,4.0,38147,0.1346175995489972,43018
48.0,4.0,4.0,38147,0.13299065874480454,525
48.0,4.0,4.0,38147,0.10932257025560836,75848
48.0,4.0,4.0,38147,0.09104246841713487,71995
49.0,4.0,4.0,24032,0.1629106821339756,38147
49.0,4.0,4.0,24032,0.11339781980779927,9474
49.0,4.0,4.0,24032,0.1057120553736953,36236
49.0,4.0,4.0,24032,0.09499908573100846,11913
49.0,4.0,4.0,24032,0.09224478217938559,41897
50.0,4.0,4.0,12705,0.1307923372692322,10770
50.0,4.0,4.0,12705,0.11490407447573621,11039
50.0,4.0,4.0,12705,0.11248634095923024,11006
50.0,4.0,4.0,12705,0.11016190820344829,58704
50.0,4.0,4.0,12705,0.10348097509862189,11843
51.0,4.0,4.0,11006,0.13354059853057615,14136
51.0,4.0,4.0,11006,0.11248634095923024,12705
51.0,4.0,4.0,11006,0.09579471663126857,36236
51.0,4.0,4.0,11006,0.08913216101174926,29228
51.0,4.0,4.0,11006,0.08643322115586538,24571
52.0,4.0,4.0,16026,0.08568632397551486,21036
52.0,4.0,4.0,16026,0.07033815878682298,11945
52.0,4.0,4.0,16026,0.04697741019419044,19252
52.0,4.0,4.0,16026,0.0469403035832777,11573
52.0,4.0,4.0,16026,0.0450322656398101,43018
53.0,4.0,4.0,11590,0.2375710816284755,19050
53.0,4.0,4.0,11590,0.1709318298586638,66946
53.0,4.0,4.0,11590,0.16814465995535344,54396
53.0,4.0,4.0,11590,0.14840409880858935,5064
53.0,4.0,4.0,11590,0.14411231659949694,23479
54.0,4.0,4.0,15417,0.17644745136830692,17169
54.0,4.0,4.0,15417,0.1077733729596106,24568
54.0,4.0,4.0,15417,0.09335438441572744,11389
54.0,4.0,4.0,15417,0.092950607986985,68337
54.0,4.0,4.0,15417,0.09251679779855551,11913
55.0,4.0,4.0,24130,0.15232719731744318,23728
55.0,4.0,4.0,24130,0.12129480643788021,43430
55.0,4.0,4.0,24130,0.11350895661439638,30143
55.0,4.0,4.0,24130,0.10460929963506657,11843
55.0,4.0,4.0,24130,0.10346872259889135,39113
56.0,4.0,4.0,36645,0.14332674269836304,36775
56.0,4.0,4.0,36645,0.1420355268781159,12089
56.0,4.0,4.0,36645,0.13320210794350446,206789
56.0,4.0,4.0,36645,0.12562982097237346,19174
56.0,4.0,4.0,36645,0.12506463651903882,22937
57.0,4.0,4.0,23728,0.15232719731744318,24130
57.0,4.0,4.0,23728,0.13780865625890823,19252
57.0,4.0,4.0,23728,0.10850681051632065,3054
57.0,4.0,4.0,23728,0.09702835092795054,36775
57.0,4.0,4.0,23728,0.0919632090823476,32109
58.0,4.0,4.0,12208,0.21650202751673978,32109
58.0,4.0,4.0,12208,0.14396380249734475,116312
58.0,4.0,4.0,12208,0.13793794192727166,5056
58.0,4.0,4.0,12208,0.1254797921372238,21779
58.0,4.0,4.0,12208,0.11482194424125113,52761
59.0,4.0,4.0,31804,0.12411575919753026,4484
59.0,4.0,4.0,31804,0.11123104929891545,11047
59.0,4.0,4.0,31804,0.10807341596075071,11039
59.0,4.0,4.0,31804,0.1071765716380211,11390
59.0,4.0,4.0,31804,0.09806291342443624,525
60.0,4.0,4.0,33954,0.12435285437234958,99361
60.0,4.0,4.0,33954,0.11971660165244347,36236
60.0,4.0,4.0,33954,0.08371674908599107,24130
60.0,4.0,4.0,33954,0.07715507221557441,11913
60.0,4.0,4.0,33954,0.07373336854113897,255
61.0,4.0,4.0,936,0.4413211720443472,11843
61.0,4.0,4.0,936,0.17068345638978863,11573
61.0,4.0,4.0,936,0.149375412685813,51912
61.0,4.0,4.0,936,0.1451265517824528,6081
61.0,4.0,4.0,936,0.14140738009942963,11590
62.0,4.0,4.0,12268,0.3037368929048111,6081
62.0,4.0,4.0,12268,0.19001023289909394,11573
62.0,4.0,4.0,12268,0.1583316080418771,11843
62.0,4.0,4.0,12268,0.14857068413442862,11913
62.0,4.0,4.0,12268,0.13788981022119304,1870
63.0,4.0,4.0,33258,0.18224848363730556,838
63.0,4.0,4.0,33258,0.10484658904493986,31654
63.0,4.0,4.0,33258,0.08644265311294026,46809
63.0,4.0,4.0,33258,0.08029549377289213,11946
63.0,4.0,4.0,33258,0.07291379183283722,12593
64.0,4.0,4.0,1594,0.20389523692083783,40585
64.0,4.0,4.0,1594,0.1302522851844793,41897
64.0,4.0,4.0,1594,0.12937613008296686,255
64.0,4.0,4.0,1594,0.12923971425085773,31654
64.0,4.0,4.0,1594,0.12907686899574866,25606
65.0,4.0,4.0,255,0.12937613008296686,1594
65.0,4.0,4.0,255,0.12352713262668863,113582
65.0,4.0,4.0,255,0.11807290699630502,5061
65.0,4.0,4.0,255,0.10851890338834959,40585
65.0,4.0,4.0,255,0.1062853614343486,33583
66.0,4.0,4.0,21779,0.1254797921372238,12208
66.0,4.0,4.0,21779,0.12397383070134678,26200
66.0,4.0,4.0,21779,0.11983694152779392,36775
66.0,4.0,4.0,21779,0.11019243641823644,39113
66.0,4.0,4.0,21779,0.09429632356008621,3054
67.0,4.0,4.0,12310,0.24995023495116314,2926
67.0,4.0,4.0,12310,0.13900502171993526,16378
67.0,4.0,4.0,12310,0.1258959256138642,16085
67.0,4.0,4.0,12310,0.10615126334783012,43018
67.0,4.0,4.0,12310,0.10350241051484946,32100
68.0,4.0,4.0,54396,0.2399353220127745,838
68.0,4.0,4.0,54396,0.22239295043888274,60175
68.0,4.0,4.0,54396,0.17484367357786343,14387
68.0,4.0,4.0,54396,0.17184026587571558,31654
68.0,4.0,4.0,54396,0.16814465995535344,11590
69.0,4.0,4.0,43096,0.2957448879532262,43018
69.0,4.0,4.0,43096,0.24787666543348374,75848
69.0,4.0,4.0,43096,0.19632052321830987,5721
69.0,4.0,4.0,43096,0.16513124626874143,11913
69.0,4.0,4.0,43096,0.14773726032358503,16085
70.0,4.0,4.0,13282,0.08619310524164825,11039
70.0,4.0,4.0,13282,0.08522602071409097,41897
70.0,4.0,4.0,13282,0.07944333089025883,10580
70.0,4.0,4.0,13282,0.07917705860359794,11390
70.0,4.0,4.0,13282,0.07667673197551911,146030
71.0,4.0,4.0,15371,0.19793320217554844,30143
71.0,4.0,4.0,15371,0.13922077501490346,11913
71.0,4.0,4.0,15371,0.13852085932486194,17169
71.0,4.0,4.0,15371,0.11728653250074729,11390
71.0,4.0,4.0,15371,0.11669826972018867,68340
72.0,4.0,4.0,24236,0.2396936257782522,31654
72.0,4.0,4.0,24236,0.23043258336184458,29228
72.0,4.0,4.0,24236,0.09973695553230376,11946
72.0,4.0,4.0,24236,0.09030122034590168,36766
72.0,4.0,4.0,24236,0.08984357082838455,5056
73.0,4.0,4.0,6081,0.3037368929048111,12268
73.0,4.0,4.0,6081,0.256979594124271,11573
73.0,4.0,4.0,6081,0.16891398336603072,11843
73.0,4.0,4.0,6081,0.1451265517824528,936
73.0,4.0,4.0,6081,0.11817081135425873,11392
74.0,4.0,4.0,11047,0.16003627741646861,9929
74.0,4.0,4.0,11047,0.15644309299365902,31654
74.0,4.0,4.0,11047,0.12730335165623474,40585
74.0,4.0,4.0,11047,0.1168648387387536,11039
74.0,4.0,4.0,11047,0.11407690038373303,51912
75.0,4.0,4.0,9929,0.2070268505879801,9385
75.0,4.0,4.0,9929,0.16003627741646861,11047
75.0,4.0,4.0,9929,0.1428887560759151,32100
75.0,4.0,4.0,9929,0.11106895840465822,206789
75.0,4.0,4.0,9929,0.10264637095148663,68340
76.0,4.0,4.0,9394,0.10868230480108793,5060
76.0,4.0,4.0,9394,0.10673161631468672,41897
76.0,4.0,4.0,9394,0.10639205042466242,11913
76.0,4.0,4.0,9394,0.10466810474361028,31654
76.0,4.0,4.0,9394,0.10406267359466928,32109
77.0,4.0,4.0,18250,0.13191220922486155,17965
77.0,4.0,4.0,18250,0.1271894808698163,68340
77.0,4.0,4.0,18250,0.10876959264680017,68337
77.0,4.0,4.0,18250,0.10860279798542938,813
77.0,4.0,4.0,18250,0.10687704239693298,68339
78.0,4.0,4.0,12089,0.15695185466608758,5061
78.0,4.0,4.0,12089,0.14257323947383005,36775
78.0,4.0,4.0,12089,0.1420355268781159,36645
78.0,4.0,4.0,12089,0.1054012596299254,11684
78.0,4.0,4.0,12089,0.10438347122575412,56544
79.0,4.0,4.0,9474,0.1840373784605013,24568
79.0,4.0,4.0,9474,0.1672971008660466,11389
79.0,4.0,4.0,9474,0.13918941858714648,113332
79.0,4.0,4.0,9474,0.1319180426112781,17169
79.0,4.0,4.0,9474,0.12255484522937195,11390
80.0,4.0,4.0,19174,0.16439022118597404,525
80.0,4.0,4.0,19174,0.13174694154480332,11391
80.0,4.0,4.0,19174,0.12593086408868084,32100
80.0,4.0,4.0,19174,0.12562982097237346,36645
80.0,4.0,4.0,19174,0.12147314084185307,11874
81.0,4.0,4.0,9385,0.2070268505879801,9929
81.0,4.0,4.0,9385,0.16833116594506625,39113
81.0,4.0,4.0,9385,0.14582517592121014,21240
81.0,4.0,4.0,9385,0.11410776017162301,19307
81.0,4.0,4.0,9385,0.11144141260642795,11612
82.0,4.0,4.0,43430,0.1660814054319842,43018
82.0,4.0,4.0,43430,0.14308696156777792,71995
82.0,4.0,4.0,43430,0.13341658605847828,11913
82.0,4.0,4.0,43430,0.13244677521110065,68340
82.0,4.0,4.0,43430,0.13059063121474482,75848
83.0,4.0,4.0,5725,0.1266104635132442,99361
83.0,4.0,4.0,5725,0.10285012683859067,68340
83.0,4.0,4.0,5725,0.09561862972191447,11913
83.0,4.0,4.0,5725,0.09022122198235505,52913
83.0,4.0,4.0,5725,0.08800380232942541,17965
84.0,4.0,4.0,5651,0.10441788271215763,2182
84.0,4.0,4.0,5651,0.09211643945316401,40585
84.0,4.0,4.0,5651,0.0871543323803605,41897
84.0,4.0,4.0,5651,0.0869586492742109,31654
84.0,4.0,4.0,5651,0.08531636852370894,32105
85.0,4.0,4.0,16378,0.13900502171993526,12310
85.0,4.0,4.0,16378,0.13820950154967165,50166
85.0,4.0,4.0,16378,0.12360424812777725,20914
85.0,4.0,4.0,16378,0.11672158833486064,4728
85.0,4.0,4.0,16378,0.10245835696374206,9394
86.0,4.0,4.0,33701,0.08241813824013718,24571
86.0,4.0,4.0,33701,0.08198774316919447,30143
86.0,4.0,4.0,33701,0.07729151746511782,11048
86.0,4.0,4.0,33701,0.07433976604308527,36765
86.0,4.0,4.0,33701,0.07429839751272449,11843
87.0,4.0,4.0,23832,0.10693199536674815,31654
87.0,4.0,4.0,23832,0.10428773736811585,20949
87.0,4.0,4.0,23832,0.10383645074068765,54396
87.0,4.0,4.0,23832,0.09941612220825098,58704
87.0,4.0,4.0,23832,0.09773842901093074,52761
88.0,4.0,4.0,2926,0.24995023495116314,12310
88.0,4.0,4.0,2926,0.14404291568099886,206789
88.0,4.0,4.0,2926,0.11493315418216378,19050
88.0,4.0,4.0,2926,0.11199300210975728,36767
88.0,4.0,4.0,2926,0.10693603274049025,11913
89.0,4.0,4.0,258,0.15563876375076394,259
89.0,4.0,4.0,258,0.09591106867275537,16378
89.0,4.0,4.0,258,0.09326177130527433,255
89.0,4.0,4.0,258,0.0923203229839113,457
89.0,4.0,4.0,258,0.08073986771974258,9385
90.0,4.0,4.0,20914,0.12496114413348103,4728
90.0,4.0,4.0,20914,0.12360424812777725,16378
90.0,4.0,4.0,20914,0.09811028214856729,62715
90.0,4.0,4.0,20914,0.09186385452113535,5064
90.0,4.0,4.0,20914,0.09121399318499472,83651
91.0,4.0,4.0,10915,0.07848349588133505,26573
91.0,4.0,4.0,10915,0.06895604162599507,23832
91.0,4.0,4.0,10915,0.05975552544688828,9277
91.0,4.0,4.0,10915,0.05766993745378184,4729
91.0,4.0,4.0,10915,0.05565725064732038,206789
92.0,4.0,4.0,259,0.15563876375076394,258
92.0,4.0,4.0,259,0.13471037642678332,53617
92.0,4.0,4.0,259,0.11891375867172659,68337
92.0,4.0,4.0,259,0.11801534246693932,11913
92.0,4.0,4.0,259,0.10681895212718495,146030
93.0,4.0,4.0,36775,0.15461939883839143,19293
93.0,4.0,4.0,36775,0.14332674269836304,36645
93.0,4.0,4.0,36775,0.14257323947383005,12089
93.0,4.0,4.0,36775,0.12319594443755355,3054
93.0,4.0,4.0,36775,0.11983694152779392,21779
94.0,4.0,4.0,11183,0.09797192905851784,50076
94.0,4.0,4.0,11183,0.07699365863230846,4484
94.0,4.0,4.0,11183,0.06353743427883256,2926
94.0,4.0,4.0,11183,0.06301029229326219,19307
94.0,4.0,4.0,11183,0.060837121075615695,14035
95.0,4.0,4.0,11573,0.256979594124271,6081
95.0,4.0,4.0,11573,0.19001023289909394,12268
95.0,4.0,4.0,11573,0.17068345638978863,936
95.0,4.0,4.0,11573,0.1525321554729489,11843
95.0,4.0,4.0,11573,0.1343441019086039,51912
96.0,4.0,4.0,10770,0.22727274128137614,11039
96.0,4.0,4.0,10770,0.1307923372692322,12705
96.0,4.0,4.0,10770,0.10746945346705268,22328
96.0,4.0,4.0,10770,0.09968613298796493,68337
96.0,4.0,4.0,10770,0.09348489472889712,5065
97.0,4.0,4.0,5721,0.255274380092183,43018
97.0,4.0,4.0,5721,0.2451007106389773,75848
97.0,4.0,4.0,5721,0.19632052321830987,43096
97.0,4.0,4.0,5721,0.1880845250903091,16085
97.0,4.0,4.0,5721,0.15615077760156937,458
98.0,4.0,4.0,33583,0.17443510866776607,43018
98.0,4.0,4.0,33583,0.17176362372417248,16085
98.0,4.0,4.0,33583,0.17071586678508982,36236
98.0,4.0,4.0,33583,0.15686136849781376,11913
98.0,4.0,4.0,33583,0.1372190230023178,21036
99.0,4.0,4.0,11945,0.2720443872851685,11946
99.0,4.0,4.0,11945,0.12989441731093088,19050
99.0,4.0,4.0,11945,0.12238354388108752,36236
99.0,4.0,4.0,11945,0.12185183984437298,11389
99.0,4.0,4.0,11945,0.12083776271688805,36765
100.0,4.0,4.0,5691,0.08841944060477046,11389
100.0,4.0,4.0,5691,0.0860345627928785,39282
100.0,4.0,4.0,5691,0.08393541276943002,41897
100.0,4.0,4.0,5691,0.08150563912880288,17965
100.0,4.0,4.0,5691,0.07762583878397072,36765
101.0,4.0,4.0,3687,0.15981380940188525,26484
101.0,4.0,4.0,3687,0.14441455187550392,36885
101.0,4.0,4.0,3687,0.13445067337819197,36886
101.0,4.0,4.0,3687,0.11403674904536625,19307
101.0,4.0,4.0,3687,0.10319154691556065,9394
102.0,4.0,4.0,11874,0.12185662280173552,11913
102.0,4.0,4.0,11874,0.12147314084185307,19174
102.0,4.0,4.0,11874,0.11241594051274857,30143
102.0,4.0,4.0,11874,0.10822231278668028,11391
102.0,4.0,4.0,11874,0.099094719815496,11390
103.0,4.0,4.0,3054,0.12319594443755355,36775
103.0,4.0,4.0,3054,0.10850681051632065,23728
103.0,4.0,4.0,3054,0.0999426288880877,32109
103.0,4.0,4.0,3054,0.09526474553062654,2459
103.0,4.0,4.0,3054,0.09429632356008621,21779
104.0,4.0,4.0,36764,0.389745503664705,36766
104.0,4.0,4.0,36764,0.27776631856934786,36765
104.0,4.0,4.0,36764,0.16713151056341988,36767
104.0,4.0,4.0,36764,0.13612929935236534,11390
104.0,4.0,4.0,36764,0.12486436061200908,11590
105.0,4.0,4.0,11160,0.2200891131566078,11053
105.0,4.0,4.0,11160,0.15255803995540299,5065
105.0,4.0,4.0,11160,0.12028823685415833,1870
105.0,4.0,4.0,11160,0.09573115601759337,30143
105.0,4.0,4.0,11160,0.09552174563421334,26484
106.0,4.0,4.0,8211,0.09599848730609686,75015
106.0,4.0,4.0,8211,0.08721339965881901,5725
106.0,4.0,4.0,8211,0.08518874826819398,14387
106.0,4.0,4.0,8211,0.08473762590631985,11913
106.0,4.0,4.0,8211,0.0778921517508098,22937
107.0,4.0,4.0,75015,0.12780652606911563,30143
107.0,4.0,4.0,75015,0.1135015495283062,37853
107.0,4.0,4.0,75015,0.10725532259791673,61852
107.0,4.0,4.0,75015,0.10523397666490962,11843
107.0,4.0,4.0,75015,0.10026495257738281,4728
108.0,4.0,4.0,18901,0.10693811575587882,525
108.0,4.0,4.0,18901,0.10085987535336205,52761
108.0,4.0,4.0,18901,0.09322918187319365,206789
108.0,4.0,4.0,18901,0.09089207995614369,14136
108.0,4.0,4.0,18901,0.0893901488576417,39113
109.0,4.0,4.0,5060,0.11707314751598366,32109
109.0,4.0,4.0,5060,0.11514442222832849,17276
109.0,4.0,4.0,5060,0.11183704151345658,206789
109.0,4.0,4.0,5060,0.11165439324172141,19293
109.0,4.0,4.0,5060,0.11159108848306902,5064
110.0,4.0,4.0,21036,0.17071490909315656,43018
110.0,4.0,4.0,21036,0.14394195371017418,75848
110.0,4.0,4.0,21036,0.139404011486661,43096
110.0,4.0,4.0,21036,0.1372190230023178,33583
110.0,4.0,4.0,21036,0.12332656918421667,43430
111.0,4.0,4.0,253232,0.08717513273577421,11055
111.0,4.0,4.0,253232,0.08265429331308254,33583
111.0,4.0,4.0,253232,0.07785472100671088,36236
111.0,4.0,4.0,253232,0.06958696600579112,458
111.0,4.0,4.0,253232,0.06924303971638195,11945
112.0,4.0,4.0,11389,0.3335906242777825,11390
112.0,4.0,4.0,11389,0.2564484203793601,11392
112.0,4.0,4.0,11389,0.17275346328088162,11391
112.0,4.0,4.0,11389,0.1672971008660466,9474
112.0,4.0,4.0,11389,0.14391003385913317,24571
113.0,4.0,4.0,4729,0.22183788614899824,4727
113.0,4.0,4.0,4729,0.17398150354312875,4728
113.0,4.0,4.0,4729,0.16030572500406673,11913
113.0,4.0,4.0,4729,0.130901849110315,10516
113.0,4.0,4.0,4729,0.1064458529590586,21240
114.0,4.0,4.0,11391,0.2479363864378694,11390
114.0,4.0,4.0,11391,0.22536071545407652,11392
114.0,4.0,4.0,11391,0.17275346328088162,11389
114.0,4.0,4.0,11391,0.15837183142918587,525
114.0,4.0,4.0,11391,0.13966239093625954,36765
115.0,4.0,4.0,31654,0.2396936257782522,24236
115.0,4.0,4.0,31654,0.2360717127311217,29228
115.0,4.0,4.0,31654,0.19890592029863333,60175
115.0,4.0,4.0,31654,0.18106002316202896,41897
115.0,4.0,4.0,31654,0.17184026587571558,54396
116.0,4.0,4.0,83651,0.19164718053517799,60175
116.0,4.0,4.0,83651,0.13889872200400763,525
116.0,4.0,4.0,83651,0.1232355365874238,31654
116.0,4.0,4.0,83651,0.11926083249292974,33301
116.0,4.0,4.0,83651,0.1059058857515162,11391
117.0,4.0,4.0,36236,0.1811450276834618,2459
117.0,4.0,4.0,36236,0.17071586678508982,33583
117.0,4.0,4.0,36236,0.16131480646752888,26190
117.0,4.0,4.0,36236,0.1461427067593353,11684
117.0,4.0,4.0,36236,0.14207472331273113,68340
118.0,4.0,4.0,58704,0.12888367016600924,11946
118.0,4.0,4.0,58704,0.12014553156536885,525
118.0,4.0,4.0,58704,0.11187366489155423,144852
118.0,4.0,4.0,58704,0.11152361781561146,11913
118.0,4.0,4.0,58704,0.1107149886795071,43018
119.0,4.0,4.0,77076,0.16907059976455652,26573
119.0,4.0,4.0,77076,0.11658464654802293,5064
119.0,4.0,4.0,77076,0.10553763417982835,1870
119.0,4.0,4.0,77076,0.10340306508111435,5060
119.0,4.0,4.0,77076,0.10217346378660377,144852
120.0,4.0,4.0,19274,0.21608820105866794,11230
120.0,4.0,4.0,19274,0.1317210502730881,33301
120.0,4.0,4.0,19274,0.13165755917993724,11913
120.0,4.0,4.0,19274,0.11332645966429654,36765
120.0,4.0,4.0,19274,0.10245535855126234,54396
121.0,4.0,4.0,93289,0.14265840921012699,11913
121.0,4.0,4.0,93289,0.13784707296237725,58701
121.0,4.0,4.0,93289,0.12128433767957358,525
121.0,4.0,4.0,93289,0.11750363313780486,19307
121.0,4.0,4.0,93289,0.11188008791128622,206789
122.0,4.0,4.0,33303,0.17685231492315592,33301
122.0,4.0,4.0,33303,0.12964043015745094,50076
122.0,4.0,4.0,33303,0.12734942629386165,36767
122.0,4.0,4.0,33303,0.12213008103659757,9474
122.0,4.0,4.0,33303,0.121525268445305,5721
123.0,4.0,4.0,34905,0.12073122857008244,31654
123.0,4.0,4.0,34905,0.11754170873345844,18920
123.0,4.0,4.0,34905,0.10799137886713081,10516
123.0,4.0,4.0,34905,0.09955407398990815,21240
123.0,4.0,4.0,34905,0.09407910329823949,37769
124.0,4.0,4.0,97353,0.2620433943073223,178569
124.0,4.0,4.0,97353,0.19155279437545175,193435
124.0,4.0,4.0,97353,0.15998445877522774,70313
124.0,4.0,4.0,97353,0.1520642655819966,54396
124.0,4.0,4.0,97353,0.14006365618917577,26190
125.0,4.0,4.0,33301,0.21781696597393138,50076
125.0,4.0,4.0,33301,0.17685231492315592,33303
125.0,4.0,4.0,33301,0.17510317969112676,60175
125.0,4.0,4.0,33301,0.1317210502730881,19274
125.0,4.0,4.0,33301,0.11926083249292974,83651
126.0,4.0,4.0,50076,0.21781696597393138,33301
126.0,4.0,4.0,50076,0.14287849706688857,26329
126.0,4.0,4.0,50076,0.1332308388924529,22937
126.0,4.0,4.0,50076,0.12964043015745094,33303
126.0,4.0,4.0,50076,0.12412874612990378,14035
127.0,4.0,4.0,32100,0.1428887560759151,9929
127.0,4.0,4.0,32100,0.12593086408868084,19174
127.0,4.0,4.0,32100,0.10645244571779754,11053
127.0,4.0,4.0,32100,0.10350241051484946,12310
127.0,4.0,4.0,32100,0.09094607624451669,40585
128.0,4.0,4.0,458,0.2651018096909783,457
128.0,4.0,4.0,458,0.2035377707274412,75848
128.0,4.0,4.0,458,0.15615077760156937,5721
128.0,4.0,4.0,458,0.1461202614118882,43018
128.0,4.0,4.0,458,0.1422966267226881,43096
129.0,4.0,4.0,30143,0.19793320217554844,15371
129.0,4.0,4.0,30143,0.1597794195138566,11843
129.0,4.0,4.0,30143,0.14797280435417548,51912
129.0,4.0,4.0,30143,0.12780652606911563,75015
129.0,4.0,4.0,30143,0.12571220920271448,71133
130.0,4.0,4.0,11039,0.22727274128137614,10770
130.0,4.0,4.0,11039,0.20517446419964655,52761
130.0,4.0,4.0,11039,0.15731949292305722,51912
130.0,4.0,4.0,11039,0.14734946569363883,206789
130.0,4.0,4.0,11039,0.13261096559563543,5065
131.0,4.0,4.0,5157,0.12413984868636554,11390
131.0,4.0,4.0,5157,0.11655905013203693,206789
131.0,4.0,4.0,5157,0.11546938432698818,11391
131.0,4.0,4.0,5157,0.11048031640172955,68340
131.0,4.0,4.0,5157,0.1052852435182467,11039
132.0,4.0,4.0,22937,0.1332308388924529,50076
132.0,4.0,4.0,22937,0.12506463651903882,36645
132.0,4.0,4.0,22937,0.1237856767398519,32113
132.0,4.0,4.0,22937,0.1226384725394895,68340
132.0,4.0,4.0,22937,0.12200214855914059,206789
133.0,4.0,4.0,32109,0.21650202751673978,12208
133.0,4.0,4.0,32109,0.13568883350114996,5056
133.0,4.0,4.0,32109,0.12527925056953973,26181
133.0,4.0,4.0,32109,0.11707314751598366,5060
133.0,4.0,4.0,32109,0.11398404087160272,41897
134.0,4.0,4.0,8445,0.08958436920677249,1594
134.0,4.0,4.0,8445,0.085507338487371,68339
134.0,4.0,4.0,8445,0.07508089296476173,56589
134.0,4.0,4.0,8445,0.06895968592134988,8211
134.0,4.0,4.0,8445,0.06811672291961099,113332
135.0,4.0,4.0,68340,0.23039428815388246,68337
135.0,4.0,4.0,68340,0.19132992422890596,5064
135.0,4.0,4.0,68340,0.16570710813557565,24571
135.0,4.0,4.0,68340,0.1651286009389443,68339
135.0,4.0,4.0,68340,0.14310952140637775,36765
136.0,4.0,4.0,68337,0.23039428815388246,68340
136.0,4.0,4.0,68337,0.1613404817871557,68339
136.0,4.0,4.0,68337,0.14719552630903565,11913
136.0,4.0,4.0,68337,0.13625793817328066,5061
136.0,4.0,4.0,68337,0.1231956600599283,11946
137.0,4.0,4.0,68339,0.1651286009389443,68340
137.0,4.0,4.0,68339,0.1613404817871557,68337
137.0,4.0,4.0,68339,0.11667971775253375,1594
137.0,4.0,4.0,68339,0.11145908571996273,43096
137.0,4.0,4.0,68339,0.10687704239693298,18250
138.0,4.0,4.0,99361,0.1266104635132442,5725
138.0,4.0,4.0,99361,0.12435285437234958,33954
138.0,4.0,4.0,99361,0.12181052952543336,36886
138.0,4.0,4.0,99361,0.10436720629914492,11913
138.0,4.0,4.0,99361,0.08947778867679021,20947
139.0,4.0,4.0,18450,0.12928949257269542,17169
139.0,4.0,4.0,18450,0.11969155441901218,68340
139.0,4.0,4.0,18450,0.10134005656935263,36765
139.0,4.0,4.0,18450,0.09649008484095042,15371
139.0,4.0,4.0,18450,0.08989612479434092,54396
140.0,4.0,4.0,52914,0.1537725227225447,14140
140.0,4.0,4.0,52914,0.13245494037639244,24571
140.0,4.0,4.0,52914,0.10240939064827961,41897
140.0,4.0,4.0,52914,0.10079736639808566,11389
140.0,4.0,4.0,52914,0.09963003413189545,24382
141.0,4.0,4.0,52913,0.1813000961326081,11048
141.0,4.0,4.0,52913,0.10292140951022342,11053
141.0,4.0,4.0,52913,0.09022122198235505,5725
141.0,4.0,4.0,52913,0.08412914793547495,11055
141.0,4.0,4.0,52913,0.07411424400946613,36236
142.0,4.0,4.0,62715,0.1569230115275549,11392
142.0,4.0,4.0,62715,0.15189918555692197,11390
142.0,4.0,4.0,62715,0.14726630536973007,10939
142.0,4.0,4.0,62715,0.1407269155689564,9277
142.0,4.0,4.0,62715,0.13577893589479445,116312
143.0,4.0,4.0,32113,0.16406901117352476,5064
143.0,4.0,4.0,32113,0.14819132551720485,32105
143.0,4.0,4.0,32113,0.1383749835795259,31654
143.0,4.0,4.0,32113,0.13345808715831597,11590
143.0,4.0,4.0,32113,0.1237856767398519,22937
144.0,4.0,4.0,21240,0.14582517592121014,9385
144.0,4.0,4.0,21240,0.13477415046852462,11913
144.0,4.0,4.0,21240,0.13255313847266068,206789
144.0,4.0,4.0,21240,0.13204856936277468,525
144.0,4.0,4.0,21240,0.1319416343209171,144852
145.0,4.0,4.0,11612,0.1412648061609679,525
145.0,4.0,4.0,11612,0.13401156782659768,206789
145.0,4.0,4.0,11612,0.13153894271633335,41897
145.0,4.0,4.0,11612,0.12661156827655962,144852
145.0,4.0,4.0,11612,0.11987645213858902,19252
146.0,4.0,4.0,41897,0.18106002316202896,31654
146.0,4.0,4.0,41897,0.16011096697373142,113332
146.0,4.0,4.0,41897,0.13153894271633335,11612
146.0,4.0,4.0,41897,0.13043532189654966,206789
146.0,4.0,4.0,41897,0.1302522851844793,1594
147.0,4.0,4.0,19254,0.15793852800399985,123867
147.0,4.0,4.0,19254,0.10278376147105431,36767
147.0,4.0,4.0,19254,0.09840038007864141,26329
147.0,4.0,4.0,19254,0.08902049525438148,525
147.0,4.0,4.0,19254,0.08568280298499188,11612
148.0,4.0,4.0,19300,0.10717864229483268,206789
148.0,4.0,4.0,19300,0.10393851258159854,19252
148.0,4.0,4.0,19300,0.10380814749580392,31654
148.0,4.0,4.0,19300,0.09072294716821432,18920
148.0,4.0,4.0,19300,0.09042948727974333,52761
149.0,4.0,4.0,26190,0.16131480646752888,36236
149.0,4.0,4.0,26190,0.14006365618917577,97353
149.0,4.0,4.0,26190,0.13798019778660398,54396
149.0,4.0,4.0,26190,0.13682911042789883,18920
149.0,4.0,4.0,26190,0.1319841195727809,11590
150.0,4.0,4.0,18920,0.1876870096333302,11946
150.0,4.0,4.0,18920,0.15502156018543164,51912
150.0,4.0,4.0,18920,0.14598969043074309,31654
150.0,4.0,4.0,18920,0.13934366348066457,123867
150.0,4.0,4.0,18920,0.13682911042789883,26190
151.0,4.0,4.0,27376,0.1558808467518534,39113
151.0,4.0,4.0,27376,0.09649366115806948,26483
151.0,4.0,4.0,27376,0.09113654045682068,70313
151.0,4.0,4.0,27376,0.08485929567238563,93289
151.0,4.0,4.0,27376,0.07267328328387679,24130
152.0,4.0,4.0,33733,0.07309734750222953,32100
152.0,4.0,4.0,33733,0.06836674172325732,86190
152.0,4.0,4.0,33733,0.06817588929969973,838
152.0,4.0,4.0,33733,0.06562575347780517,6081
152.0,4.0,4.0,33733,0.05916616497255168,36645
153.0,4.0,4.0,14387,0.17484367357786343,54396
153.0,4.0,4.0,14387,0.1698732923984405,60175
153.0,4.0,4.0,14387,0.14071535800831378,166
153.0,4.0,4.0,14387,0.13568098869246034,31654
153.0,4.0,4.0,14387,0.11852022632655027,26181
154.0,4.0,4.0,113582,0.15469875587551074,2459
154.0,4.0,4.0,113582,0.14386534758421535,11684
154.0,4.0,4.0,113582,0.1257836646588401,36236
154.0,4.0,4.0,113582,0.12512155616910933,936
154.0,4.0,4.0,113582,0.12352713262668863,255
155.0,4.0,4.0,61852,0.10725532259791673,75015
155.0,4.0,4.0,61852,0.09843854171060933,16378
155.0,4.0,4.0,61852,0.08818825872376394,46809
155.0,4.0,4.0,61852,0.08117593045598395,5064
155.0,4.0,4.0,61852,0.08029939488739508,8393
156.0,4.0,4.0,1871,0.11547150230714795,1870
156.0,4.0,4.0,1871,0.10149051897417757,17169
156.0,4.0,4.0,1871,0.09086032969787063,11684
156.0,4.0,4.0,1871,0.08253394821128873,24236
156.0,4.0,4.0,1871,0.07831173380040465,36766
157.0,4.0,4.0,1870,0.22410620417663357,1875
157.0,4.0,4.0,1870,0.13788981022119304,12268
157.0,4.0,4.0,1870,0.12028823685415833,11160
157.0,4.0,4.0,1870,0.11547150230714795,1871
157.0,4.0,4.0,1870,0.10763513358773527,10939
158.0,4.0,4.0,1875,0.22410620417663357,1870
158.0,4.0,4.0,1875,0.1254373318329215,51912
158.0,4.0,4.0,1875,0.11750502883851865,56589
158.0,4.0,4.0,1875,0.10967094523489507,525
158.0,4.0,4.0,1875,0.1040149450669732,5056
159.0,4.0,4.0,123867,0.1777733119466935,4484
159.0,4.0,4.0,123867,0.15793852800399985,19254
159.0,4.0,4.0,123867,0.13934366348066457,18920
159.0,4.0,4.0,123867,0.13602844202057296,31654
159.0,4.0,4.0,123867,0.12511149943595132,62715
160.0,4.0,4.0,5065,0.15255803995540299,11160
160.0,4.0,4.0,5065,0.13261096559563543,11039
160.0,4.0,4.0,5065,0.12501085642295232,54297
160.0,4.0,4.0,5065,0.12274958794580126,11843
160.0,4.0,4.0,5065,0.1005129262721485,18250
161.0,4.0,4.0,43018,0.2957448879532262,43096
161.0,4.0,4.0,43018,0.27367654287731064,75848
161.0,4.0,4.0,43018,0.255274380092183,5721
161.0,4.0,4.0,43018,0.2322760704751294,16085
161.0,4.0,4.0,43018,0.17443510866776607,33583
162.0,4.0,4.0,75848,0.27367654287731064,43018
162.0,4.0,4.0,75848,0.24787666543348374,43096
162.0,4.0,4.0,75848,0.2451007106389773,5721
162.0,4.0,4.0,75848,0.20515993223473247,16085
162.0,4.0,4.0,75848,0.2035377707274412,458
163.0,4.0,4.0,112058,0.12291859390667435,11843
163.0,4.0,4.0,112058,0.1055488324959551,4728
163.0,4.0,4.0,112058,0.10451552631288938,26190
163.0,4.0,4.0,112058,0.07969684956884263,58704
163.0,4.0,4.0,112058,0.07479780774209387,21779
164.0,4.0,4.0,10580,0.13700087594894048,31654
164.0,4.0,4.0,10580,0.12119539634389677,525
164.0,4.0,4.0,10580,0.12105013973663041,18920
164.0,4.0,4.0,10580,0.10502271959026563,5721
164.0,4.0,4.0,10580,0.10450223593407218,36886
165.0,4.0,4.0,50166,0.1418867280368703,52761
165.0,4.0,4.0,50166,0.13820950154967165,16378
165.0,4.0,4.0,50166,0.13102170611798955,11843
165.0,4.0,4.0,50166,0.11840663708281038,11039
165.0,4.0,4.0,50166,0.11357444149663216,9474
166.0,4.0,4.0,5061,0.15971182511509185,56544
166.0,4.0,4.0,5061,0.15695185466608758,12089
166.0,4.0,4.0,5061,0.14910348773823476,166
166.0,4.0,4.0,5061,0.13625793817328066,68337
166.0,4.0,4.0,5061,0.11807290699630502,255
167.0,4.0,4.0,5056,0.1609505880198139,26181
167.0,4.0,4.0,5056,0.13793794192727166,12208
167.0,4.0,4.0,5056,0.13568883350114996,32109
167.0,4.0,4.0,5056,0.12454003205505755,66946
167.0,4.0,4.0,5056,0.11523466345993803,11913
168.0,4.0,4.0,26181,0.1609505880198139,5056
168.0,4.0,4.0,26181,0.12527925056953973,32109
168.0,4.0,4.0,26181,0.11852022632655027,14387
168.0,4.0,4.0,26181,0.11492487453390468,36645
168.0,4.0,4.0,26181,0.11095666627396619,36775
169.0,4.0,4.0,46809,0.10920214687405438,14387
169.0,4.0,4.0,46809,0.09460990242249709,60175
169.0,4.0,4.0,46809,0.09367251398662864,259
169.0,4.0,4.0,46809,0.09063254955374439,20914
169.0,4.0,4.0,46809,0.08856501306098498,5064
170.0,4.0,4.0,146030,0.12941261577780466,116312
170.0,4.0,4.0,146030,0.1277742023737773,37991
170.0,4.0,4.0,146030,0.12185978528306535,9474
170.0,4.0,4.0,146030,0.1208054150866605,68340
170.0,4.0,4.0,146030,0.1203231055458159,97353
171.0,4.0,4.0,58404,0.09658850709580567,9474
171.0,4.0,4.0,58404,0.09484636479046472,18920
171.0,4.0,4.0,58404,0.0932619055645987,9394
171.0,4.0,4.0,58404,0.08990338549002279,19293
171.0,4.0,4.0,58404,0.08301921074964407,206789
172.0,4.0,4.0,55960,0.14264107512237073,43018
172.0,4.0,4.0,55960,0.12835651669211962,71133
172.0,4.0,4.0,55960,0.11697609802404974,33583
172.0,4.0,4.0,55960,0.11064341720308363,206789
172.0,4.0,4.0,55960,0.10705452251857672,43430
173.0,4.0,4.0,51912,0.1709589679641252,11843
173.0,4.0,4.0,51912,0.15731949292305722,11039
173.0,4.0,4.0,51912,0.15502156018543164,18920
173.0,4.0,4.0,51912,0.149375412685813,936
173.0,4.0,4.0,51912,0.14797280435417548,30143
174.0,4.0,4.0,58701,0.18730367497386172,525
174.0,4.0,4.0,58701,0.1703204952906444,19252
174.0,4.0,4.0,58701,0.14640791014835783,144852
174.0,4.0,4.0,58701,0.13821605065305942,206789
174.0,4.0,4.0,58701,0.13784707296237725,93289
175.0,4.0,4.0,11048,0.1813000961326081,52913
175.0,4.0,4.0,11048,0.11373873824917914,32113
175.0,4.0,4.0,11048,0.07729151746511782,33701
175.0,4.0,4.0,11048,0.0733233806582148,5725
175.0,4.0,4.0,11048,0.07298750357587402,5064
176.0,4.0,4.0,11053,0.2200891131566078,11160
176.0,4.0,4.0,11053,0.16615913335722318,11055
176.0,4.0,4.0,11053,0.11840906890478688,39113
176.0,4.0,4.0,11053,0.11471608445941965,24568
176.0,4.0,4.0,11053,0.11324835253608015,36765
177.0,4.0,4.0,11055,0.16615913335722318,11053
177.0,4.0,4.0,11055,0.12029365085130035,62715
177.0,4.0,4.0,11055,0.11835840048143516,116312
177.0,4.0,4.0,11055,0.09779448934752878,36236
177.0,4.0,4.0,11055,0.09124147674727026,9474
178.0,4.0,4.0,15724,0.12390498908823518,62715
178.0,4.0,4.0,15724,0.11114974920820465,9474
178.0,4.0,4.0,15724,0.11057110111146365,113332
178.0,4.0,4.0,15724,0.1083619142878155,30143
178.0,4.0,4.0,15724,0.1060798737336066,11590
179.0,4.0,4.0,5064,0.19132992422890596,68340
179.0,4.0,4.0,5064,0.16414079079606947,24571
179.0,4.0,4.0,5064,0.16406901117352476,32113
179.0,4.0,4.0,5064,0.16389052552417216,43018
179.0,4.0,4.0,5064,0.14840409880858935,11590
180.0,4.0,4.0,49321,0.07148182367757448,71133
180.0,4.0,4.0,49321,0.04436424216828156,23832
180.0,4.0,4.0,49321,0.03376971813341972,113582
180.0,4.0,4.0,49321,0.030498849690308465,33701
180.0,4.0,4.0,49321,0.028799745613161697,9277
181.0,4.0,4.0,52761,0.20517446419964655,11039
181.0,4.0,4.0,52761,0.1418867280368703,50166
181.0,4.0,4.0,52761,0.13851282255560599,206789
181.0,4.0,4.0,52761,0.13573257247919637,51912
181.0,4.0,4.0,52761,0.12988285959285112,18920
182.0,4.0,4.0,20947,0.27570145793656153,20949
182.0,4.0,4.0,20947,0.08947778867679021,99361
182.0,4.0,4.0,20947,0.06888992810276173,13282
182.0,4.0,4.0,20947,0.06877078751824339,17276
182.0,4.0,4.0,20947,0.06834906480916707,21779
183.0,4.0,4.0,457,0.2651018096909783,458
183.0,4.0,4.0,457,0.099499544969141,55960
183.0,4.0,4.0,457,0.0923203229839113,258
183.0,4.0,4.0,457,0.08842075572887892,58704
183.0,4.0,4.0,457,0.08673468511731351,33583
184.0,4.0,4.0,32105,0.14819132551720485,32113
184.0,4.0,4.0,32105,0.13662210518583373,19050
184.0,4.0,4.0,32105,0.13086813437942546,26190
184.0,4.0,4.0,32105,0.12893086761223524,40585
184.0,4.0,4.0,32105,0.12632890231601515,54396
185.0,4.0,4.0,56287,0.10445564854440545,71133
185.0,4.0,4.0,56287,0.10208302210170352,55960
185.0,4.0,4.0,56287,0.09962960329391889,21036
185.0,4.0,4.0,56287,0.09096950009888777,68340
185.0,4.0,4.0,56287,0.08979747874162994,11055
186.0,4.0,4.0,54297,0.1776248296046636,813
186.0,4.0,4.0,54297,0.1285298925588432,22328
186.0,4.0,4.0,54297,0.12501085642295232,5065
186.0,4.0,4.0,54297,0.11374807167869454,5066
186.0,4.0,4.0,54297,0.11177865687517197,41897
187.0,4.0,4.0,4728,0.17398150354312875,4729
187.0,4.0,4.0,4728,0.14099432238699233,4727
187.0,4.0,4.0,4728,0.12496114413348103,20914
187.0,4.0,4.0,4728,0.11672158833486064,16378
187.0,4.0,4.0,4728,0.11208076098622478,11843
188.0,4.0,4.0,11913,0.24259649173342024,4484
188.0,4.0,4.0,11913,0.19110603241325066,4727
188.0,4.0,4.0,11913,0.16982368478801552,525
188.0,4.0,4.0,11913,0.16513124626874143,43096
188.0,4.0,4.0,11913,0.16030572500406673,4729
189.0,4.0,4.0,4727,0.22183788614899824,4729
189.0,4.0,4.0,4727,0.19110603241325066,11913
189.0,4.0,4.0,4727,0.17122994673162067,43018
189.0,4.0,4.0,4727,0.14378100648097356,10516
189.0,4.0,4.0,4727,0.14099432238699233,4728
190.0,4.0,4.0,10516,0.14378100648097356,4727
190.0,4.0,4.0,10516,0.130901849110315,4729
190.0,4.0,4.0,10516,0.12979422612462538,11913
190.0,4.0,4.0,10516,0.12249783197447593,4484
190.0,4.0,4.0,10516,0.11809716701583775,11843
191.0,4.0,4.0,71995,0.14891810764711383,166
191.0,4.0,4.0,71995,0.14308696156777792,43430
191.0,4.0,4.0,71995,0.1339093760290453,43018
191.0,4.0,4.0,71995,0.12360763760834824,75848
191.0,4.0,4.0,71995,0.10822442373170481,525
192.0,4.0,4.0,60175,0.22239295043888274,54396
192.0,4.0,4.0,60175,0.19890592029863333,31654
192.0,4.0,4.0,60175,0.19281940471374118,838
192.0,4.0,4.0,60175,0.19164718053517799,83651
192.0,4.0,4.0,60175,0.17510317969112676,33301
193.0,4.0,4.0,10939,0.14726630536973007,62715
193.0,4.0,4.0,10939,0.13336745178247233,36886
193.0,4.0,4.0,10939,0.12581941811850575,40585
193.0,4.0,4.0,10939,0.12261105773463554,31654
193.0,4.0,4.0,10939,0.12108344848579526,51912
194.0,4.0,4.0,36767,0.21041085536924753,36766
194.0,4.0,4.0,36767,0.19580626923784786,36765
194.0,4.0,4.0,36767,0.16713151056341988,36764
194.0,4.0,4.0,36767,0.1319129275323704,36236
194.0,4.0,4.0,36767,0.12734942629386165,33303
195.0,4.0,4.0,36766,0.4025472971248849,36765
195.0,4.0,4.0,36766,0.389745503664705,36764
195.0,4.0,4.0,36766,0.21041085536924753,36767
195.0,4.0,4.0,36766,0.12535796818252287,17169
195.0,4.0,4.0,36766,0.12286311467578603,51912
196.0,4.0,4.0,36765,0.4025472971248849,36766
196.0,4.0,4.0,36765,0.27776631856934786,36764
196.0,4.0,4.0,36765,0.19580626923784786,36767
196.0,4.0,4.0,36765,0.14310952140637775,68340
196.0,4.0,4.0,36765,0.13966239093625954,11391
197.0,4.0,4.0,66177,0.089557251859656,11977
197.0,4.0,4.0,66177,0.08709951672505173,97353
197.0,4.0,4.0,66177,0.08402808161782035,14387
197.0,4.0,4.0,66177,0.08205123661981692,26190
197.0,4.0,4.0,66177,0.081666409783923,62715
198.0,4.0,4.0,56589,0.13052667070960774,66946
198.0,4.0,4.0,56589,0.12771258759962426,37769
198.0,4.0,4.0,56589,0.11750502883851865,1875
198.0,4.0,4.0,56589,0.09192606417682424,31654
198.0,4.0,4.0,56589,0.08711505094682594,23832
199.0,4.0,4.0,24569,0.1372852715692694,75848
199.0,4.0,4.0,24569,0.13293246129598232,43018
199.0,4.0,4.0,24569,0.1318726165479394,5721
199.0,4.0,4.0,24569,0.12000907419977297,37853
199.0,4.0,4.0,24569,0.11984543885485334,43096
200.0,4.0,4.0,17276,0.13183268714176513,5064
200.0,4.0,4.0,17276,0.12007112530058095,11590
200.0,4.0,4.0,17276,0.11663626839539688,32113
200.0,4.0,4.0,17276,0.11514442222832849,5060
200.0,4.0,4.0,17276,0.11287563652419808,32109
201.0,4.0,4.0,24571,0.16570710813557565,68340
201.0,4.0,4.0,24571,0.16414079079606947,5064
201.0,4.0,4.0,24571,0.14391003385913317,11389
201.0,4.0,4.0,24571,0.13245494037639244,52914
201.0,4.0,4.0,24571,0.11798577900778648,68337
202.0,4.0,4.0,19297,0.11815933359847318,936
202.0,4.0,4.0,19297,0.11356902182974805,11039
202.0,4.0,4.0,19297,0.10444818472390763,36645
202.0,4.0,4.0,19297,0.10234483239118443,11392
202.0,4.0,4.0,19297,0.10051883504727757,206789
203.0,4.0,4.0,19252,0.17241131743697846,144852
203.0,4.0,4.0,19252,0.1703204952906444,58701
203.0,4.0,4.0,19252,0.16610774886265126,206789
203.0,4.0,4.0,19252,0.15570772989442722,525
203.0,4.0,4.0,19252,0.15068033390690563,19307
204.0,4.0,4.0,24570,0.13049493814504445,29228
204.0,4.0,4.0,24570,0.11390490135419755,50076
204.0,4.0,4.0,24570,0.10598380201071639,11590
204.0,4.0,4.0,24570,0.10348435260020687,116312
204.0,4.0,4.0,24570,0.10193263606491314,51912
205.0,4.0,4.0,19293,0.15461939883839143,36775
205.0,4.0,4.0,19293,0.13431770968776605,11913
205.0,4.0,4.0,19293,0.13043864777607908,18920
205.0,4.0,4.0,19293,0.11705445876604417,5064
205.0,4.0,4.0,19293,0.11344746732682999,68340
206.0,4.0,4.0,11946,0.2720443872851685,11945
206.0,4.0,4.0,11946,0.1876870096333302,18920
206.0,4.0,4.0,11946,0.13044685774687056,144852
206.0,4.0,4.0,11946,0.12997913339286765,11590
206.0,4.0,4.0,11946,0.1295484305367084,19252
207.0,4.0,4.0,26329,0.14287849706688857,50076
207.0,4.0,4.0,26329,0.11280538213784773,11039
207.0,4.0,4.0,26329,0.10294806860871673,22937
207.0,4.0,4.0,26329,0.09840038007864141,19254
207.0,4.0,4.0,26329,0.0934925190621373,51912
208.0,4.0,4.0,70313,0.20925560506534968,178569
208.0,4.0,4.0,70313,0.16972578165448432,177234
208.0,4.0,4.0,70313,0.15998445877522774,97353
208.0,4.0,4.0,70313,0.13185619382446556,144852
208.0,4.0,4.0,70313,0.09508139078851413,193435
209.0,4.0,4.0,144852,0.17241131743697846,19252
209.0,4.0,4.0,144852,0.16572670906654366,525
209.0,4.0,4.0,144852,0.15118129630702298,206789
209.0,4.0,4.0,144852,0.14640791014835783,58701
209.0,4.0,4.0,144852,0.1319416343209171,21240
210.0,4.0,4.0,193435,0.3136990025733112,178569
210.0,4.0,4.0,193435,0.19155279437545175,97353
210.0,4.0,4.0,193435,0.1680015977351891,177234
210.0,4.0,4.0,193435,0.1193620772646461,206789
210.0,4.0,4.0,193435,0.11682593680393127,31654
211.0,4.0,4.0,178569,0.3136990025733112,193435
211.0,4.0,4.0,178569,0.2620433943073223,97353
211.0,4.0,4.0,178569,0.26073160967810305,177234
211.0,4.0,4.0,178569,0.20925560506534968,70313
211.0,4.0,4.0,178569,0.14037139587656972,230182
212.0,4.0,4.0,177234,0.26073160967810305,178569
212.0,4.0,4.0,177234,0.16972578165448432,70313
212.0,4.0,4.0,177234,0.1680015977351891,193435
212.0,4.0,4.0,177234,0.13795194351072756,97353
212.0,4.0,4.0,177234,0.11667413446672341,11389
213.0,4.0,4.0,230182,0.14037139587656972,178569
213.0,4.0,4.0,230182,0.126984383802474,29228
213.0,4.0,4.0,230182,0.11016561592598137,193435
213.0,4.0,4.0,230182,0.10634822357617763,97353
213.0,4.0,4.0,230182,0.0513795598806226,53617
214.0,4.0,4.0,116312,0.14396380249734475,12208
214.0,4.0,4.0,116312,0.1373772839533462,51912
214.0,4.0,4.0,116312,0.13577893589479445,62715
214.0,4.0,4.0,116312,0.1315567442689389,11590
214.0,4.0,4.0,116312,0.12941261577780466,146030
215.0,4.0,4.0,113332,0.16011096697373142,41897
215.0,4.0,4.0,113332,0.14068927051512958,37853
215.0,4.0,4.0,113332,0.13918941858714648,9474
215.0,4.0,4.0,113332,0.12650542701503714,31654
215.0,4.0,4.0,113332,0.12286948283224586,40585
216.0,4.0,4.0,5066,0.11374807167869454,54297
216.0,4.0,4.0,5066,0.10234083213154263,19293
216.0,4.0,4.0,5066,0.09452441449464244,71133
216.0,4.0,4.0,5066,0.09243110370027967,19174
216.0,4.0,4.0,5066,0.09180472608345705,5065
217.0,4.0,4.0,11392,0.2564484203793601,11389
217.0,4.0,4.0,11392,0.22536071545407652,11391
217.0,4.0,4.0,11392,0.21883560723017698,11390
217.0,4.0,4.0,11392,0.1569230115275549,62715
217.0,4.0,4.0,11392,0.13115406846680522,68340
218.0,4.0,4.0,11390,0.3335906242777825,11389
218.0,4.0,4.0,11390,0.2479363864378694,11391
218.0,4.0,4.0,11390,0.21883560723017698,11392
218.0,4.0,4.0,11390,0.16275161331018712,22328
218.0,4.0,4.0,11390,0.15189918555692197,62715
219.0,4.0,4.0,206789,0.16610774886265126,19252
219.0,4.0,4.0,206789,0.1615584854159693,525
219.0,4.0,4.0,206789,0.16071382314052407,60175
219.0,4.0,4.0,206789,0.1513728813990508,31654
219.0,4.0,4.0,206789,0.15118129630702298,144852
220.0,4.0,4.0,12529,0.10829448817270458,123867
220.0,4.0,4.0,12529,0.08449953725249429,10770
220.0,4.0,4.0,12529,0.07322952979518131,206789
220.0,4.0,4.0,12529,0.07284609087247979,11612
220.0,4.0,4.0,12529,0.06559513728644388,11039
221.0,4.0,4.0,40585,0.20389523692083783,1594
221.0,4.0,4.0,40585,0.16585068494459348,31654
221.0,4.0,4.0,40585,0.1344028376849306,11843
221.0,4.0,4.0,40585,0.12893086761223524,32105
221.0,4.0,4.0,40585,0.12730335165623474,11047
222.0,4.0,4.0,64961,0.08344117274961202,11612
222.0,4.0,4.0,64961,0.0681694658058899,62715
222.0,4.0,4.0,64961,0.05567334875719535,12705
222.0,4.0,4.0,64961,0.05560637735268508,19186
222.0,4.0,4.0,64961,0.04356829514699697,21251
223.0,4.0,4.0,50717,0.0782532895691714,9929
223.0,4.0,4.0,50717,0.07143729797240407,58404
223.0,4.0,4.0,50717,0.07136607827320146,56287
223.0,4.0,4.0,50717,0.06698703338286097,2926
223.0,4.0,4.0,50717,0.06455704039169434,2182
224.0,4.0,4.0,20949,0.27570145793656153,20947
224.0,4.0,4.0,20949,0.11332626027850815,52761
224.0,4.0,4.0,20949,0.11281037688448978,525
224.0,4.0,4.0,20949,0.10428773736811585,23832
224.0,4.0,4.0,20949,0.10304855742731725,206789
225.0,4.0,4.0,2459,0.1811450276834618,36236
225.0,4.0,4.0,2459,0.16101413763476857,53617
225.0,4.0,4.0,2459,0.1564634161255584,43018
225.0,4.0,4.0,2459,0.15469875587551074,113582
225.0,4.0,4.0,2459,0.13873337518006423,11684
226.0,4.0,4.0,40983,0.10787183417504612,62715
226.0,4.0,4.0,40983,0.10572400542357557,31654
226.0,4.0,4.0,40983,0.09383238053887905,32113
226.0,4.0,4.0,40983,0.09380990443442816,16085
226.0,4.0,4.0,40983,0.09307285255871502,5721
227.0,4.0,4.0,25606,0.12907686899574866,1594
227.0,4.0,4.0,25606,0.09382131885917695,41897
227.0,4.0,4.0,25606,0.09002837555915098,40585
227.0,4.0,4.0,25606,0.08633695483319731,22328
227.0,4.0,4.0,25606,0.08581361283975172,113332
228.0,4.0,4.0,57837,0.1196190154007362,70086
228.0,4.0,4.0,57837,0.10062480344914473,32105
228.0,4.0,4.0,57837,0.09105434646448811,113332
228.0,4.0,4.0,57837,0.0884454486330015,37853
228.0,4.0,4.0,57837,0.08260421537945847,41897
229.0,4.0,4.0,70086,0.1196190154007362,57837
229.0,4.0,4.0,70086,0.07221075752960843,11391
229.0,4.0,4.0,70086,0.06911408135910102,21251
229.0,4.0,4.0,70086,0.06174962504510248,68340
229.0,4.0,4.0,70086,0.060087422737059915,36886
230.0,4.0,4.0,37769,0.12842789142120506,62715
230.0,4.0,4.0,37769,0.12771258759962426,56589
230.0,4.0,4.0,37769,0.12495375762283621,11843
230.0,4.0,4.0,37769,0.12428970533523202,51912
230.0,4.0,4.0,37769,0.11191192181691485,10939
231.0,4.0,4.0,86190,0.12050229835172323,36885
231.0,4.0,4.0,86190,0.09921751981219844,116312
231.0,4.0,4.0,86190,0.09006600261144974,11874
231.0,4.0,4.0,86190,0.08263041939193355,75015
231.0,4.0,4.0,86190,0.08260503725787441,15724
232.0,4.0,4.0,56544,0.15971182511509185,5061
232.0,4.0,4.0,56544,0.11189312121186912,58701
232.0,4.0,4.0,56544,0.11121970324287483,32109
232.0,4.0,4.0,56544,0.10438347122575412,12089
232.0,4.0,4.0,56544,0.09767680430901887,11843
233.0,4.0,4.0,150010,0.13182130313061727,18920
233.0,4.0,4.0,150010,0.12034805027517229,51912
233.0,4.0,4.0,150010,0.10310517616548438,31654
233.0,4.0,4.0,150010,0.10242806155018637,58701
233.0,4.0,4.0,150010,0.10228291124266327,11039
234.0,4.0,4.0,37991,0.1277742023737773,146030
234.0,4.0,4.0,37991,0.10605122979501301,936
234.0,4.0,4.0,37991,0.10486318405597711,31654
234.0,4.0,4.0,37991,0.10005671170237819,11913
234.0,4.0,4.0,37991,0.09919835131979741,9474
235.0,4.0,4.0,71133,0.12835651669211962,55960
235.0,4.0,4.0,71133,0.12571220920271448,30143
235.0,4.0,4.0,71133,0.12322395009118284,26190
235.0,4.0,4.0,71133,0.12136076202909066,54396
235.0,4.0,4.0,71133,0.11377440034518503,11356
236.0,4.0,4.0,36886,0.34710930867840445,36885
236.0,4.0,4.0,36886,0.13445067337819197,3687
236.0,4.0,4.0,36886,0.13336745178247233,10939
236.0,4.0,4.0,36886,0.12181052952543336,99361
236.0,4.0,4.0,36886,0.10450223593407218,10580
237.0,4.0,4.0,36885,0.34710930867840445,36886
237.0,4.0,4.0,36885,0.14441455187550392,3687
237.0,4.0,4.0,36885,0.1381873151471867,26484
237.0,4.0,4.0,36885,0.12911197815976533,19307
237.0,4.0,4.0,36885,0.12050229835172323,86190
238.0,4.0,4.0,24568,0.1840373784605013,9474
238.0,4.0,4.0,24568,0.12922628591140925,144852
238.0,4.0,4.0,24568,0.11985039345985621,11946
238.0,4.0,4.0,24568,0.11471608445941965,11053
238.0,4.0,4.0,24568,0.11370818490080795,11843
239.0,4.0,4.0,19307,0.21009207403302077,525
239.0,4.0,4.0,19307,0.16214726032710808,19186
239.0,4.0,4.0,19307,0.16091541903239368,54396
239.0,4.0,4.0,19307,0.15068033390690563,19252
239.0,4.0,4.0,19307,0.13547532709575869,58701
240.0,4.0,4.0,21251,0.1299321859721247,813
240.0,4.0,4.0,21251,0.11383540539279158,10939
240.0,4.0,4.0,21251,0.10982108445192822,51912
240.0,4.0,4.0,21251,0.1097416037045161,50076
240.0,4.0,4.0,21251,0.10782995833360837,26190
